Anio,Mes,FECHA,Pais_Destino,Prod_Principal,TRADICIONAL_Y_NO_TRAD,Codigo_Subpartida, Suma_FOB_miles ,Suma_TM_Peso_Neto
2022,1,2022/01/01,ESTADOS UNIDOS,Banano,TRADICIONAL,803901110,"$1,947,347,296.00",2287623134
2022,1,2022/01/01,ESTADOS UNIDOS,Banano,TRADICIONAL,803901190,"$2,316,431,074.00",4537491161
2022,1,2022/01/01,ESTADOS UNIDOS,Banano,TRADICIONAL,803901200,"$189,176,422.00",340936777
2021,1,2021/01/01,ESTADOS UNIDOS,Banano,TRADICIONAL,803901110,"$974,903,641.00",1559138800
2021,1,2021/01/01,ESTADOS UNIDOS,Banano,TRADICIONAL,803901190,"$2,851,068,945.00",5974397239
2021,1,2021/01/01,ESTADOS UNIDOS,Banano,TRADICIONAL,803901200,"$952,083,454.00",1841135336
2021,2,2021/02/01,ESTADOS UNIDOS,Banano,TRADICIONAL,803901110,"$971,366,854.00",1416740159
2021,2,2021/02/01,ESTADOS UNIDOS,Banano,TRADICIONAL,803901190,"$1,854,688,924.00",3572416562
2021,2,2021/02/01,ESTADOS UNIDOS,Banano,TRADICIONAL,803901200,"$656,657,292.00",1269194920
2021,3,2021/03/01,ESTADOS UNIDOS,Banano,TRADICIONAL,803901110,"$1,114,113,658.00",1584997471
2021,3,2021/03/01,ESTADOS UNIDOS,Banano,TRADICIONAL,803901190,"$1,280,253,437.00",1925500208
2021,3,2021/03/01,ESTADOS UNIDOS,Banano,TRADICIONAL,803901200,"$836,106,463.00",1669079973
2021,4,2021/04/01,ESTADOS UNIDOS,Banano,TRADICIONAL,803901110,"$1,353,133,639.00",1572138104
2021,4,2021/04/01,ESTADOS UNIDOS,Banano,TRADICIONAL,803901190,"$1,597,375,873.00",3238513777
2021,4,2021/04/01,ESTADOS UNIDOS,Banano,TRADICIONAL,803901200,"$1,040,809,775.00",1957353935
2021,5,2021/05/01,ESTADOS UNIDOS,Banano,TRADICIONAL,803901110,"$1,923,065,541.00",1631305800
2021,5,2021/05/01,ESTADOS UNIDOS,Banano,TRADICIONAL,803901190,"$1,415,822,933.00",3012133320
2021,5,2021/05/01,ESTADOS UNIDOS,Banano,TRADICIONAL,803901200,"$610,312,341.00",1218869215
2021,6,2021/06/01,ESTADOS UNIDOS,Banano,TRADICIONAL,803901110,"$1,777,325,005.00",1517969895
2021,6,2021/06/01,ESTADOS UNIDOS,Banano,TRADICIONAL,803901190,"$1,200,483,489.00",2607170982
2021,6,2021/06/01,ESTADOS UNIDOS,Banano,TRADICIONAL,803901200,"$429,876,487.00",866515028
2021,7,2021/07/01,ESTADOS UNIDOS,Banano,TRADICIONAL,803901110,"$1,938,634,521.00",1798648102
2021,7,2021/07/01,ESTADOS UNIDOS,Banano,TRADICIONAL,803901190,"$1,705,977,465.00",2672847302
2021,7,2021/07/01,ESTADOS UNIDOS,Banano,TRADICIONAL,803901200,"$708,590,140.00",1439147151
2021,7,2021/07/01,ESTADOS UNIDOS,Banano,TRADICIONAL,803901900,"$122,304.00",130560
2021,8,2021/08/01,ESTADOS UNIDOS,Banano,TRADICIONAL,803901110,"$2,073,140,556.00",1848777729
2021,8,2021/08/01,ESTADOS UNIDOS,Banano,TRADICIONAL,803901190,"$1,108,477,307.00",1864664464
2021,8,2021/08/01,ESTADOS UNIDOS,Banano,TRADICIONAL,803901200,"$255,554,485.00",494057737
2021,9,2021/09/01,ESTADOS UNIDOS,Banano,TRADICIONAL,803901110,"$1,475,871,238.00",1709265877
2021,9,2021/09/01,ESTADOS UNIDOS,Banano,TRADICIONAL,803901190,"$827,763,233.00",1706298683
2021,9,2021/09/01,ESTADOS UNIDOS,Banano,TRADICIONAL,803901200,"$52,074,411.00",73590776
2021,10,2021/10/01,ESTADOS UNIDOS,Banano,TRADICIONAL,803901110,"$1,782,326,366.00",1976529061
2021,10,2021/10/01,ESTADOS UNIDOS,Banano,TRADICIONAL,803901190,"$1,083,937,873.00",2114963532
2021,10,2021/10/01,ESTADOS UNIDOS,Banano,TRADICIONAL,803901200,"$113,056,950.00",184674060
2021,10,2021/10/01,ESTADOS UNIDOS,Banano,TRADICIONAL,803901900,"$1,389,000.00",300000
2021,11,2021/11/01,ESTADOS UNIDOS,Banano,TRADICIONAL,803901110,"$1,737,744,045.00",1932475556
2021,11,2021/11/01,ESTADOS UNIDOS,Banano,TRADICIONAL,803901190,"$1,327,943,726.00",2684779771
2021,11,2021/11/01,ESTADOS UNIDOS,Banano,TRADICIONAL,803901200,"$88,364,652.00",139830499
2021,11,2021/11/01,ESTADOS UNIDOS,Banano,TRADICIONAL,803901900,"$13,702,801.00",3401600
2021,12,2021/12/01,ESTADOS UNIDOS,Banano,TRADICIONAL,803901110,"$1,706,358,569.00",2010548196
2021,12,2021/12/01,ESTADOS UNIDOS,Banano,TRADICIONAL,803901190,"$2,437,280,048.00",4037483820
2021,12,2021/12/01,ESTADOS UNIDOS,Banano,TRADICIONAL,803901200,"$607,294,768.00",1192165717
2020,1,2020/01/01,ESTADOS UNIDOS,Banano,TRADICIONAL,803901110,"$1,491,184,846.00",1629885061
2020,1,2020/01/01,ESTADOS UNIDOS,Banano,TRADICIONAL,803901190,"$1,600,356,267.00",3399573000
2020,1,2020/01/01,ESTADOS UNIDOS,Banano,TRADICIONAL,803901200,"$2,473,967,276.00",4389462331
2020,2,2020/02/01,ESTADOS UNIDOS,Banano,TRADICIONAL,803901110,"$901,163,204.00",1356018138
2020,2,2020/02/01,ESTADOS UNIDOS,Banano,TRADICIONAL,803901190,"$1,168,686,293.00",2500038377
2020,2,2020/02/01,ESTADOS UNIDOS,Banano,TRADICIONAL,803901200,"$1,556,395,258.00",2655172369
2020,3,2020/03/01,ESTADOS UNIDOS,Banano,TRADICIONAL,803901110,"$1,172,755,031.00",1778589961
2020,3,2020/03/01,ESTADOS UNIDOS,Banano,TRADICIONAL,803901190,"$997,042,257.00",2108281293
2020,3,2020/03/01,ESTADOS UNIDOS,Banano,TRADICIONAL,803901200,"$4,414,936,814.00",7343790004
2020,4,2020/04/01,ESTADOS UNIDOS,Banano,TRADICIONAL,803901110,"$1,044,832,377.00",1687804943
2020,4,2020/04/01,ESTADOS UNIDOS,Banano,TRADICIONAL,803901190,"$1,005,863,662.00",1955582612
2020,4,2020/04/01,ESTADOS UNIDOS,Banano,TRADICIONAL,803901200,"$3,759,199,917.00",6057408291
2020,5,2020/05/01,ESTADOS UNIDOS,Banano,TRADICIONAL,803901110,"$885,919,732.00",1274263459
2020,5,2020/05/01,ESTADOS UNIDOS,Banano,TRADICIONAL,803901190,"$760,805,570.00",1521540476
2020,5,2020/05/01,ESTADOS UNIDOS,Banano,TRADICIONAL,803901200,"$645,663,024.00",1004944762
2020,5,2020/05/01,ESTADOS UNIDOS,Banano,TRADICIONAL,803901900,"$865,080.00",2032560
2020,6,2020/06/01,ESTADOS UNIDOS,Banano,TRADICIONAL,803901110,"$894,349,493.00",1177984826
2020,6,2020/06/01,ESTADOS UNIDOS,Banano,TRADICIONAL,803901190,"$972,750,084.00",1745831294
2020,6,2020/06/01,ESTADOS UNIDOS,Banano,TRADICIONAL,803901200,"$4,159,974,693.00",6696710763
2020,7,2020/07/01,ESTADOS UNIDOS,Banano,TRADICIONAL,803901110,"$831,891,525.00",1051898420
2020,7,2020/07/01,ESTADOS UNIDOS,Banano,TRADICIONAL,803901190,"$1,133,601,841.00",2081059972
2020,7,2020/07/01,ESTADOS UNIDOS,Banano,TRADICIONAL,803901200,"$4,833,665,411.00",7730555167
2020,8,2020/08/01,ESTADOS UNIDOS,Banano,TRADICIONAL,803901110,"$1,187,615,706.00",1328182490
2020,8,2020/08/01,ESTADOS UNIDOS,Banano,TRADICIONAL,803901190,"$840,618,908.00",1731740531
2020,8,2020/08/01,ESTADOS UNIDOS,Banano,TRADICIONAL,803901200,"$2,551,573,276.00",4234244045
2020,9,2020/09/01,ESTADOS UNIDOS,Banano,TRADICIONAL,803901110,"$1,236,379,772.00",1517461728
2020,9,2020/09/01,ESTADOS UNIDOS,Banano,TRADICIONAL,803901190,"$1,195,650,893.00",2527608414
2020,9,2020/09/01,ESTADOS UNIDOS,Banano,TRADICIONAL,803901200,"$104,877,560.00",156354501
2020,9,2020/09/01,ESTADOS UNIDOS,Banano,TRADICIONAL,803901900,$0.01,0.05
2020,10,2020/10/01,ESTADOS UNIDOS,Banano,TRADICIONAL,803901110,"$1,059,113,044.00",1580657257
2020,10,2020/10/01,ESTADOS UNIDOS,Banano,TRADICIONAL,803901190,"$1,143,682,131.00",2444739413
2020,10,2020/10/01,ESTADOS UNIDOS,Banano,TRADICIONAL,803901200,"$142,127,695.00",245360888
2020,11,2020/11/01,ESTADOS UNIDOS,Banano,TRADICIONAL,803901110,"$1,119,024,527.00",1642981328
2020,11,2020/11/01,ESTADOS UNIDOS,Banano,TRADICIONAL,803901190,"$1,227,175,796.00",2647196047
2020,11,2020/11/01,ESTADOS UNIDOS,Banano,TRADICIONAL,803901200,"$319,013,651.00",574274684
2020,12,2020/12/01,ESTADOS UNIDOS,Banano,TRADICIONAL,803901110,"$1,009,185,799.00",1410386310
2020,12,2020/12/01,ESTADOS UNIDOS,Banano,TRADICIONAL,803901190,"$2,033,787,095.00",4199115265
2020,12,2020/12/01,ESTADOS UNIDOS,Banano,TRADICIONAL,803901200,"$828,031,878.00",1578326456
2019,1,2019/01/01,ESTADOS UNIDOS,Banano,TRADICIONAL,803901110,"$1,031,146,584.00",1636115342
2019,1,2019/01/01,ESTADOS UNIDOS,Banano,TRADICIONAL,803901190,"$1,766,881,304.00",3637241953
2019,1,2019/01/01,ESTADOS UNIDOS,Banano,TRADICIONAL,803901200,"$1,506,649,174.00",2593176364
2019,2,2019/02/01,ESTADOS UNIDOS,Banano,TRADICIONAL,803901110,"$1,035,277,798.00",1657560579
2019,2,2019/02/01,ESTADOS UNIDOS,Banano,TRADICIONAL,803901190,"$2,159,227,111.00",4473489566
2019,2,2019/02/01,ESTADOS UNIDOS,Banano,TRADICIONAL,803901200,"$714,163,316.00",1180917553
2019,3,2019/03/01,ESTADOS UNIDOS,Banano,TRADICIONAL,803901110,"$1,124,912,756.00",1790683823
2019,3,2019/03/01,ESTADOS UNIDOS,Banano,TRADICIONAL,803901190,"$1,600,102,793.00",3349150329
2019,3,2019/03/01,ESTADOS UNIDOS,Banano,TRADICIONAL,803901200,"$194,927,931.00",319858911
2019,4,2019/04/01,ESTADOS UNIDOS,Banano,TRADICIONAL,803901110,"$1,003,826,032.00",1602397829
2019,4,2019/04/01,ESTADOS UNIDOS,Banano,TRADICIONAL,803901190,"$1,563,152,046.00",3308023697
2019,4,2019/04/01,ESTADOS UNIDOS,Banano,TRADICIONAL,803901200,"$150,794,882.00",238940860
2019,5,2019/05/01,ESTADOS UNIDOS,Banano,TRADICIONAL,803901110,"$1,210,207,713.00",1920190618
2019,5,2019/05/01,ESTADOS UNIDOS,Banano,TRADICIONAL,803901190,"$1,830,625,722.00",3865084916
2019,5,2019/05/01,ESTADOS UNIDOS,Banano,TRADICIONAL,803901200,"$210,296,879.00",324086936
2019,6,2019/06/01,ESTADOS UNIDOS,Banano,TRADICIONAL,803901110,"$1,021,291,238.00",1595687231
2019,6,2019/06/01,ESTADOS UNIDOS,Banano,TRADICIONAL,803901190,"$1,905,421,298.00",3998476382
2019,6,2019/06/01,ESTADOS UNIDOS,Banano,TRADICIONAL,803901200,"$265,738,257.00",461217692
2019,7,2019/07/01,ESTADOS UNIDOS,Banano,TRADICIONAL,803901110,"$1,004,854,690.00",1562596948
2019,7,2019/07/01,ESTADOS UNIDOS,Banano,TRADICIONAL,803901190,"$1,846,622,296.00",3841577297
2019,7,2019/07/01,ESTADOS UNIDOS,Banano,TRADICIONAL,803901200,"$141,020,534.00",210924037
2019,8,2019/08/01,ESTADOS UNIDOS,Banano,TRADICIONAL,803901110,"$1,170,929,319.00",1850245487
2019,8,2019/08/01,ESTADOS UNIDOS,Banano,TRADICIONAL,803901190,"$1,432,622,199.00",3053853246
2019,8,2019/08/01,ESTADOS UNIDOS,Banano,TRADICIONAL,803901200,"$1,191,914,368.00",2013570267
2019,9,2019/09/01,ESTADOS UNIDOS,Banano,TRADICIONAL,803901110,"$956,120,068.00",1504648703
2019,9,2019/09/01,ESTADOS UNIDOS,Banano,TRADICIONAL,803901190,"$800,810,955.00",1628045997
2019,9,2019/09/01,ESTADOS UNIDOS,Banano,TRADICIONAL,803901200,"$726,947,588.00",1203469723
2019,10,2019/10/01,ESTADOS UNIDOS,Banano,TRADICIONAL,803901110,"$992,105,528.00",1567434274
2019,10,2019/10/01,ESTADOS UNIDOS,Banano,TRADICIONAL,803901190,"$997,852,434.00",2144770352
2019,10,2019/10/01,ESTADOS UNIDOS,Banano,TRADICIONAL,803901200,"$776,266,443.00",1317698198
2019,11,2019/11/01,ESTADOS UNIDOS,Banano,TRADICIONAL,803901110,"$1,030,765,718.00",1730969047
2019,11,2019/11/01,ESTADOS UNIDOS,Banano,TRADICIONAL,803901190,"$1,303,361,851.00",2862670435
2019,11,2019/11/01,ESTADOS UNIDOS,Banano,TRADICIONAL,803901200,"$821,082,217.00",1422784540
2019,12,2019/12/01,ESTADOS UNIDOS,Banano,TRADICIONAL,803901110,"$1,656,435,938.00",1513804360
2019,12,2019/12/01,ESTADOS UNIDOS,Banano,TRADICIONAL,803901190,"$1,687,835,644.00",3428131957
2019,12,2019/12/01,ESTADOS UNIDOS,Banano,TRADICIONAL,803901200,"$1,088,542,180.00",2256534629
2018,1,2018/01/01,ESTADOS UNIDOS,Banano,TRADICIONAL,803901110,"$855,415,055.00",1481922782
2018,1,2018/01/01,ESTADOS UNIDOS,Banano,TRADICIONAL,803901190,"$2,960,034,733.00",5207454001
2018,1,2018/01/01,ESTADOS UNIDOS,Banano,TRADICIONAL,803901200,"$697,200,272.00",1135275892
2018,1,2018/01/01,ESTADOS UNIDOS,Banano,TRADICIONAL,803901900,"$1,537,920.00",3552388
2018,2,2018/02/01,ESTADOS UNIDOS,Banano,TRADICIONAL,803901110,"$927,854,871.00",1508076772
2018,2,2018/02/01,ESTADOS UNIDOS,Banano,TRADICIONAL,803901190,"$2,402,419,516.00",4602394699
2018,2,2018/02/01,ESTADOS UNIDOS,Banano,TRADICIONAL,803901200,"$128,957,057.00",224293848
2018,3,2018/03/01,ESTADOS UNIDOS,Banano,TRADICIONAL,803901110,"$1,005,619,300.00",1685943839
2018,3,2018/03/01,ESTADOS UNIDOS,Banano,TRADICIONAL,803901190,"$1,557,720,798.00",3222361019
2018,3,2018/03/01,ESTADOS UNIDOS,Banano,TRADICIONAL,803901200,"$1,148,556,678.00",1908352687
2018,3,2018/03/01,ESTADOS UNIDOS,Banano,TRADICIONAL,803901900,"$18,455,040.00",42628651
2018,4,2018/04/01,ESTADOS UNIDOS,Banano,TRADICIONAL,803901110,"$1,239,004,289.00",1823646403
2018,4,2018/04/01,ESTADOS UNIDOS,Banano,TRADICIONAL,803901190,"$1,462,626,511.00",2700688386
2018,4,2018/04/01,ESTADOS UNIDOS,Banano,TRADICIONAL,803901200,"$1,229,828,832.00",1970487386
2018,5,2018/05/01,ESTADOS UNIDOS,Banano,TRADICIONAL,803901110,"$1,236,108,859.00",2052916172
2018,5,2018/05/01,ESTADOS UNIDOS,Banano,TRADICIONAL,803901190,"$1,650,087,319.00",3355601236
2018,5,2018/05/01,ESTADOS UNIDOS,Banano,TRADICIONAL,803901200,"$58,591,623.00",65759254
2018,5,2018/05/01,ESTADOS UNIDOS,Banano,TRADICIONAL,803901900,"$865,080.00",2052000
2018,6,2018/06/01,ESTADOS UNIDOS,Banano,TRADICIONAL,803901110,"$1,110,921,171.00",1813920052
2018,6,2018/06/01,ESTADOS UNIDOS,Banano,TRADICIONAL,803901190,"$2,000,870,981.00",4026603901
2018,6,2018/06/01,ESTADOS UNIDOS,Banano,TRADICIONAL,803901200,"$167,101,948.00",234852772
2018,6,2018/06/01,ESTADOS UNIDOS,Banano,TRADICIONAL,803901900,"$1,653,480.00",4506650
2018,7,2018/07/01,ESTADOS UNIDOS,Banano,TRADICIONAL,803901110,"$944,382,543.00",1529512574
2018,7,2018/07/01,ESTADOS UNIDOS,Banano,TRADICIONAL,803901190,"$1,967,062,917.00",4229404728
2018,7,2018/07/01,ESTADOS UNIDOS,Banano,TRADICIONAL,803901200,"$976,967,821.00",1601835964
2018,7,2018/07/01,ESTADOS UNIDOS,Banano,TRADICIONAL,803901900,"$788,400.00",2454545
2018,8,2018/08/01,ESTADOS UNIDOS,Banano,TRADICIONAL,803901110,"$994,942,445.00",1634449609
2018,8,2018/08/01,ESTADOS UNIDOS,Banano,TRADICIONAL,803901190,"$1,549,637,873.00",3226440999
2018,8,2018/08/01,ESTADOS UNIDOS,Banano,TRADICIONAL,803901200,"$486,204,133.00",772527524
2018,8,2018/08/01,ESTADOS UNIDOS,Banano,TRADICIONAL,803901900,"$196,800.00",0.35
2018,9,2018/09/01,ESTADOS UNIDOS,Banano,TRADICIONAL,803901110,"$970,298,693.00",1566434675
2018,9,2018/09/01,ESTADOS UNIDOS,Banano,TRADICIONAL,803901190,"$926,329,950.00",2029477868
2018,9,2018/09/01,ESTADOS UNIDOS,Banano,TRADICIONAL,803901200,"$110,770,113.00",150509548
2018,10,2018/10/01,ESTADOS UNIDOS,Banano,TRADICIONAL,803901110,"$932,728,799.00",1503818479
2018,10,2018/10/01,ESTADOS UNIDOS,Banano,TRADICIONAL,803901190,"$823,770,275.00",1791099475
2018,10,2018/10/01,ESTADOS UNIDOS,Banano,TRADICIONAL,803901200,"$204,697,364.00",313429885
2018,11,2018/11/01,ESTADOS UNIDOS,Banano,TRADICIONAL,803901110,"$1,041,170,047.00",1692433587
2018,11,2018/11/01,ESTADOS UNIDOS,Banano,TRADICIONAL,803901190,"$1,362,717,101.00",3119578817
2018,11,2018/11/01,ESTADOS UNIDOS,Banano,TRADICIONAL,803901200,"$406,284,101.00",650437780
2018,11,2018/11/01,ESTADOS UNIDOS,Banano,TRADICIONAL,803901900,$0.63,0.69
2018,12,2018/12/01,ESTADOS UNIDOS,Banano,TRADICIONAL,803901110,"$1,064,877,692.00",1762777822
2018,12,2018/12/01,ESTADOS UNIDOS,Banano,TRADICIONAL,803901190,"$1,776,009,451.00",3786902015
2018,12,2018/12/01,ESTADOS UNIDOS,Banano,TRADICIONAL,803901200,"$151,648,894.00",238193188
2017,1,2017/01/01,ESTADOS UNIDOS,Banano,TRADICIONAL,803901110,"$767,151,797.00",1411327203
2017,1,2017/01/01,ESTADOS UNIDOS,Banano,TRADICIONAL,803901190,"$1,478,589,327.00",3443882966
2017,1,2017/01/01,ESTADOS UNIDOS,Banano,TRADICIONAL,803901200,"$2,076,066,467.00",3463529147
2017,2,2017/02/01,ESTADOS UNIDOS,Banano,TRADICIONAL,803901110,"$708,421,598.00",1249341778
2017,2,2017/02/01,ESTADOS UNIDOS,Banano,TRADICIONAL,803901190,"$911,701,964.00",1902631557
2017,2,2017/02/01,ESTADOS UNIDOS,Banano,TRADICIONAL,803901200,"$2,919,115,961.00",4996910696
2017,3,2017/03/01,ESTADOS UNIDOS,Banano,TRADICIONAL,803901110,"$896,224,766.00",1571446746
2017,3,2017/03/01,ESTADOS UNIDOS,Banano,TRADICIONAL,803901190,"$1,006,791,292.00",2062245308
2017,3,2017/03/01,ESTADOS UNIDOS,Banano,TRADICIONAL,803901200,"$2,436,559,003.00",4221707691
2017,4,2017/04/01,ESTADOS UNIDOS,Banano,TRADICIONAL,803901110,"$802,029,883.00",1400602105
2017,4,2017/04/01,ESTADOS UNIDOS,Banano,TRADICIONAL,803901190,"$1,167,667,907.00",1901635563
2017,4,2017/04/01,ESTADOS UNIDOS,Banano,TRADICIONAL,803901200,"$2,152,780,021.00",3580542414
2017,5,2017/05/01,ESTADOS UNIDOS,Banano,TRADICIONAL,803901110,"$800,656,044.00",1361937492
2017,5,2017/05/01,ESTADOS UNIDOS,Banano,TRADICIONAL,803901190,"$1,366,196,392.00",2424928961
2017,5,2017/05/01,ESTADOS UNIDOS,Banano,TRADICIONAL,803901200,"$2,917,369,703.00",4826734906
2017,6,2017/06/01,ESTADOS UNIDOS,Banano,TRADICIONAL,803901110,"$1,070,660,203.00",1930082685
2017,6,2017/06/01,ESTADOS UNIDOS,Banano,TRADICIONAL,803901190,"$1,922,953,231.00",3924079186
2017,6,2017/06/01,ESTADOS UNIDOS,Banano,TRADICIONAL,803901200,"$1,940,444,598.00",3504695542
2017,7,2017/07/01,ESTADOS UNIDOS,Banano,TRADICIONAL,803901110,"$930,467,974.00",1670079331
2017,7,2017/07/01,ESTADOS UNIDOS,Banano,TRADICIONAL,803901190,"$1,600,766,414.00",3190986992
2017,7,2017/07/01,ESTADOS UNIDOS,Banano,TRADICIONAL,803901200,"$884,484,875.00",1458138632
2017,8,2017/08/01,ESTADOS UNIDOS,Banano,TRADICIONAL,803901110,"$855,488,344.00",1604786557
2017,8,2017/08/01,ESTADOS UNIDOS,Banano,TRADICIONAL,803901190,"$1,449,415,820.00",3040377258
2017,8,2017/08/01,ESTADOS UNIDOS,Banano,TRADICIONAL,803901200,"$51,064,127.00",60767048
2017,9,2017/09/01,ESTADOS UNIDOS,Banano,TRADICIONAL,803901110,"$778,892,769.00",1413159062
2017,9,2017/09/01,ESTADOS UNIDOS,Banano,TRADICIONAL,803901190,"$1,115,645,624.00",2318966666
2017,9,2017/09/01,ESTADOS UNIDOS,Banano,TRADICIONAL,803901200,"$38,736,936.00",47614340
2017,10,2017/10/01,ESTADOS UNIDOS,Banano,TRADICIONAL,803901110,"$807,909,814.00",1491716575
2017,10,2017/10/01,ESTADOS UNIDOS,Banano,TRADICIONAL,803901190,"$946,483,628.00",1950322235
2017,10,2017/10/01,ESTADOS UNIDOS,Banano,TRADICIONAL,803901200,"$62,717,428.00",97734540
2017,11,2017/11/01,ESTADOS UNIDOS,Banano,TRADICIONAL,803901110,"$948,998,121.00",1628020917
2017,11,2017/11/01,ESTADOS UNIDOS,Banano,TRADICIONAL,803901190,"$1,508,339,836.00",2921647447
2017,11,2017/11/01,ESTADOS UNIDOS,Banano,TRADICIONAL,803901200,"$384,418,797.00",615262432
2017,12,2017/12/01,ESTADOS UNIDOS,Banano,TRADICIONAL,803901110,"$957,484,228.00",1602587891
2017,12,2017/12/01,ESTADOS UNIDOS,Banano,TRADICIONAL,803901190,"$1,996,782,805.00",3484937304
2017,12,2017/12/01,ESTADOS UNIDOS,Banano,TRADICIONAL,803901200,"$1,224,158,166.00",2039609332
2016,1,2016/01/01,ESTADOS UNIDOS,Banano,TRADICIONAL,803901100,"$4,813,097,955.00",10161200448
2016,1,2016/01/01,ESTADOS UNIDOS,Banano,TRADICIONAL,803901200,"$42,684,284.00",47188144
2016,2,2016/02/01,ESTADOS UNIDOS,Banano,TRADICIONAL,803901100,"$4,237,318,097.00",8912087215
2016,2,2016/02/01,ESTADOS UNIDOS,Banano,TRADICIONAL,803901200,"$56,749,892.00",90083434
2016,3,2016/03/01,ESTADOS UNIDOS,Banano,TRADICIONAL,803901100,"$2,964,742,224.00",6169287297
2016,3,2016/03/01,ESTADOS UNIDOS,Banano,TRADICIONAL,803901200,"$42,130,218.00",51577797
2016,4,2016/04/01,ESTADOS UNIDOS,Banano,TRADICIONAL,803901100,"$3,283,754,359.00",6825152597
2016,4,2016/04/01,ESTADOS UNIDOS,Banano,TRADICIONAL,803901200,"$42,747,998.00",49612566
2016,5,2016/05/01,ESTADOS UNIDOS,Banano,TRADICIONAL,803901100,"$3,091,274,004.00",6431766185
2016,5,2016/05/01,ESTADOS UNIDOS,Banano,TRADICIONAL,803901200,"$39,742,684.00",46655803
2016,6,2016/06/01,ESTADOS UNIDOS,Banano,TRADICIONAL,803901100,"$3,395,537,011.00",7123309359
2016,6,2016/06/01,ESTADOS UNIDOS,Banano,TRADICIONAL,803901200,"$46,112,078.00",53664355
2016,6,2016/06/01,ESTADOS UNIDOS,Banano,TRADICIONAL,803901900,$0.03,0.02
2016,7,2016/07/01,ESTADOS UNIDOS,Banano,TRADICIONAL,803901100,"$4,169,734,968.00",8618438994
2016,7,2016/07/01,ESTADOS UNIDOS,Banano,TRADICIONAL,803901200,"$47,084,625.00",54133287
2016,8,2016/08/01,ESTADOS UNIDOS,Banano,TRADICIONAL,803901100,"$135,050,696.00",293084457
2016,8,2016/08/01,ESTADOS UNIDOS,Banano,TRADICIONAL,803901110,"$570,239,127.00",1033754055
2016,8,2016/08/01,ESTADOS UNIDOS,Banano,TRADICIONAL,803901190,"$2,181,485,456.00",4729224544
2016,8,2016/08/01,ESTADOS UNIDOS,Banano,TRADICIONAL,803901200,"$40,113,030.00",45951396
2016,9,2016/09/01,ESTADOS UNIDOS,Banano,TRADICIONAL,803901110,"$1,018,401,227.00",1797148873
2016,9,2016/09/01,ESTADOS UNIDOS,Banano,TRADICIONAL,803901190,"$1,905,625,714.00",3976090544
2016,9,2016/09/01,ESTADOS UNIDOS,Banano,TRADICIONAL,803901200,"$95,628,188.00",135148860
2016,10,2016/10/01,ESTADOS UNIDOS,Banano,TRADICIONAL,803901110,"$839,754,290.00",1481899815
2016,10,2016/10/01,ESTADOS UNIDOS,Banano,TRADICIONAL,803901190,"$1,631,005,589.00",3509795733
2016,10,2016/10/01,ESTADOS UNIDOS,Banano,TRADICIONAL,803901200,"$40,823,088.00",45486720
2016,10,2016/10/01,ESTADOS UNIDOS,Banano,TRADICIONAL,803901900,$0.07,0.07
2016,11,2016/11/01,ESTADOS UNIDOS,Banano,TRADICIONAL,803901110,"$811,455,769.00",1428311343
2016,11,2016/11/01,ESTADOS UNIDOS,Banano,TRADICIONAL,803901190,"$1,792,934,708.00",3726856412
2016,11,2016/11/01,ESTADOS UNIDOS,Banano,TRADICIONAL,803901200,"$57,050,818.00",84138603
2016,12,2016/12/01,ESTADOS UNIDOS,Banano,TRADICIONAL,803901110,"$1,065,192,950.00",1877458546
2016,12,2016/12/01,ESTADOS UNIDOS,Banano,TRADICIONAL,803901190,"$2,460,042,837.00",5192729432
2016,12,2016/12/01,ESTADOS UNIDOS,Banano,TRADICIONAL,803901200,"$454,824,692.00",733964380
2015,1,2015/01/01,ESTADOS UNIDOS,Banano,TRADICIONAL,803901100,"$4,049,892,070.00",8747834283
2015,1,2015/01/01,ESTADOS UNIDOS,Banano,TRADICIONAL,803901200,"$31,900,116.00",40371691
2015,1,2015/01/01,ESTADOS UNIDOS,Banano,TRADICIONAL,803901900,"$2,207,320.00",3601523
2015,2,2015/02/01,ESTADOS UNIDOS,Banano,TRADICIONAL,803901100,"$3,943,664,118.00",8088829752
2015,2,2015/02/01,ESTADOS UNIDOS,Banano,TRADICIONAL,803901200,"$36,793,581.00",45469718
2015,2,2015/02/01,ESTADOS UNIDOS,Banano,TRADICIONAL,803901900,"$4,709,506.00",8204520
2015,3,2015/03/01,ESTADOS UNIDOS,Banano,TRADICIONAL,803901100,"$3,360,175,218.00",6949454915
2015,3,2015/03/01,ESTADOS UNIDOS,Banano,TRADICIONAL,803901200,"$35,945,620.00",42976092
2015,3,2015/03/01,ESTADOS UNIDOS,Banano,TRADICIONAL,803901900,"$4,494,800.00",7786308
2015,4,2015/04/01,ESTADOS UNIDOS,Banano,TRADICIONAL,803901100,"$3,366,848,344.00",7091643529
2015,4,2015/04/01,ESTADOS UNIDOS,Banano,TRADICIONAL,803901200,"$41,932,141.00",49707383
2015,4,2015/04/01,ESTADOS UNIDOS,Banano,TRADICIONAL,803901900,"$4,377,100.00",7009156
2015,5,2015/05/01,ESTADOS UNIDOS,Banano,TRADICIONAL,803901100,"$3,674,559,360.00",7766630406
2015,5,2015/05/01,ESTADOS UNIDOS,Banano,TRADICIONAL,803901200,"$45,957,357.00",54935894
2015,5,2015/05/01,ESTADOS UNIDOS,Banano,TRADICIONAL,803901900,"$1,603,240.00",2047745
2015,6,2015/06/01,ESTADOS UNIDOS,Banano,TRADICIONAL,803901100,"$3,339,628,454.00",7077597304
2015,6,2015/06/01,ESTADOS UNIDOS,Banano,TRADICIONAL,803901200,"$40,785,618.00",47171918
2015,6,2015/06/01,ESTADOS UNIDOS,Banano,TRADICIONAL,803901900,"$1,048,012.00",1195444
2015,7,2015/07/01,ESTADOS UNIDOS,Banano,TRADICIONAL,803901100,"$4,338,870,456.00",9254583905
2015,7,2015/07/01,ESTADOS UNIDOS,Banano,TRADICIONAL,803901200,"$54,793,040.00",64898843
2015,7,2015/07/01,ESTADOS UNIDOS,Banano,TRADICIONAL,803901900,"$1,379,108.00",1517040
2015,8,2015/08/01,ESTADOS UNIDOS,Banano,TRADICIONAL,803901100,"$3,070,440,636.00",6550858998
2015,8,2015/08/01,ESTADOS UNIDOS,Banano,TRADICIONAL,803901200,"$40,467,361.00",46521176
2015,8,2015/08/01,ESTADOS UNIDOS,Banano,TRADICIONAL,803901900,"$992,682.00",1130754
2015,9,2015/09/01,ESTADOS UNIDOS,Banano,TRADICIONAL,803901100,"$2,492,986,947.00",5241780074
2015,9,2015/09/01,ESTADOS UNIDOS,Banano,TRADICIONAL,803901200,"$39,687,953.00",45884341
2015,9,2015/09/01,ESTADOS UNIDOS,Banano,TRADICIONAL,803901900,"$686,968.00",753872
2015,10,2015/10/01,ESTADOS UNIDOS,Banano,TRADICIONAL,803901100,"$3,128,051,410.00",6587281472
2015,10,2015/10/01,ESTADOS UNIDOS,Banano,TRADICIONAL,803901200,"$48,896,601.00",57047120
2015,10,2015/10/01,ESTADOS UNIDOS,Banano,TRADICIONAL,803901900,"$2,172,490.00",2289509
2015,11,2015/11/01,ESTADOS UNIDOS,Banano,TRADICIONAL,803901100,"$2,662,262,329.00",5581701525
2015,11,2015/11/01,ESTADOS UNIDOS,Banano,TRADICIONAL,803901200,"$43,318,400.00",49634267
2015,11,2015/11/01,ESTADOS UNIDOS,Banano,TRADICIONAL,803901900,"$908,884.00",938937
2015,12,2015/12/01,ESTADOS UNIDOS,Banano,TRADICIONAL,803901100,"$4,213,110,617.00",8684664892
2015,12,2015/12/01,ESTADOS UNIDOS,Banano,TRADICIONAL,803901200,"$57,456,010.00",51028214
2015,12,2015/12/01,ESTADOS UNIDOS,Banano,TRADICIONAL,803901900,"$497,654.00",526584
2014,1,2014/01/01,ESTADOS UNIDOS,Banano,TRADICIONAL,803901100,"$4,575,617,691.00",10270095951
2014,1,2014/01/01,ESTADOS UNIDOS,Banano,TRADICIONAL,803901200,"$36,314,698.00",66120025
2014,1,2014/01/01,ESTADOS UNIDOS,Banano,TRADICIONAL,803901900,"$1,694,688.00",2613947
2014,2,2014/02/01,ESTADOS UNIDOS,Banano,TRADICIONAL,803901100,"$3,031,209,732.00",6751817384
2014,2,2014/02/01,ESTADOS UNIDOS,Banano,TRADICIONAL,803901200,"$34,678,346.00",42868425
2014,2,2014/02/01,ESTADOS UNIDOS,Banano,TRADICIONAL,803901900,"$1,757,556.00",3029908
2014,3,2014/03/01,ESTADOS UNIDOS,Banano,TRADICIONAL,803901100,"$2,568,051,000.00",5699541981
2014,3,2014/03/01,ESTADOS UNIDOS,Banano,TRADICIONAL,803901200,"$42,025,478.00",57623065
2014,3,2014/03/01,ESTADOS UNIDOS,Banano,TRADICIONAL,803901900,"$1,535,116.00",2504555
2014,4,2014/04/01,ESTADOS UNIDOS,Banano,TRADICIONAL,803901100,"$2,744,418,534.00",6148873875
2014,4,2014/04/01,ESTADOS UNIDOS,Banano,TRADICIONAL,803901200,"$46,553,264.00",65822817
2014,4,2014/04/01,ESTADOS UNIDOS,Banano,TRADICIONAL,803901900,"$1,973,800.00",3112084
2014,5,2014/05/01,ESTADOS UNIDOS,Banano,TRADICIONAL,803901100,"$3,231,959,168.00",7204698955
2014,5,2014/05/01,ESTADOS UNIDOS,Banano,TRADICIONAL,803901200,"$51,436,138.00",80468065
2014,5,2014/05/01,ESTADOS UNIDOS,Banano,TRADICIONAL,803901900,"$2,681,032.00",5731390
2014,6,2014/06/01,ESTADOS UNIDOS,Banano,TRADICIONAL,803901100,"$2,942,453,277.00",6637325367
2014,6,2014/06/01,ESTADOS UNIDOS,Banano,TRADICIONAL,803901200,"$40,747,144.00",50987068
2014,6,2014/06/01,ESTADOS UNIDOS,Banano,TRADICIONAL,803901900,"$2,017,080.00",3608386
2014,7,2014/07/01,ESTADOS UNIDOS,Banano,TRADICIONAL,803901100,"$4,131,181,002.00",9030840397
2014,7,2014/07/01,ESTADOS UNIDOS,Banano,TRADICIONAL,803901200,"$50,734,286.00",62179095
2014,7,2014/07/01,ESTADOS UNIDOS,Banano,TRADICIONAL,803901900,"$2,695,004.00",5442091
2014,8,2014/08/01,ESTADOS UNIDOS,Banano,TRADICIONAL,803901100,"$2,574,471,679.00",5578744072
2014,8,2014/08/01,ESTADOS UNIDOS,Banano,TRADICIONAL,803901200,"$40,162,190.00",53514063
2014,8,2014/08/01,ESTADOS UNIDOS,Banano,TRADICIONAL,803901900,"$1,905,356.00",3108789
2014,9,2014/09/01,ESTADOS UNIDOS,Banano,TRADICIONAL,803901100,"$2,089,783,193.00",4436967832
2014,9,2014/09/01,ESTADOS UNIDOS,Banano,TRADICIONAL,803901200,"$33,180,010.00",42190694
2014,9,2014/09/01,ESTADOS UNIDOS,Banano,TRADICIONAL,803901900,"$1,464,504.00",2370700
2014,10,2014/10/01,ESTADOS UNIDOS,Banano,TRADICIONAL,803901100,"$2,792,252,874.00",5875886332
2014,10,2014/10/01,ESTADOS UNIDOS,Banano,TRADICIONAL,803901200,"$40,272,674.00",49546496
2014,10,2014/10/01,ESTADOS UNIDOS,Banano,TRADICIONAL,803901900,"$2,417,348.00",2466605
2014,11,2014/11/01,ESTADOS UNIDOS,Banano,TRADICIONAL,803901100,"$2,599,039,371.00",5445257782
2014,11,2014/11/01,ESTADOS UNIDOS,Banano,TRADICIONAL,803901200,"$33,188,941.00",44386693
2014,11,2014/11/01,ESTADOS UNIDOS,Banano,TRADICIONAL,803901900,"$2,047,376.00",3995966
2014,12,2014/12/01,ESTADOS UNIDOS,Banano,TRADICIONAL,803901100,"$3,678,184,633.00",7709768253
2014,12,2014/12/01,ESTADOS UNIDOS,Banano,TRADICIONAL,803901200,"$42,355,522.00",55724033
2014,12,2014/12/01,ESTADOS UNIDOS,Banano,TRADICIONAL,803901900,"$2,838,956.00",4530930
2013,1,2013/01/01,ESTADOS UNIDOS,Banano,TRADICIONAL,803001200,"$1,035,112,315.00",2295411317
2013,1,2013/01/01,ESTADOS UNIDOS,Banano,TRADICIONAL,803001300,"$10,743,599.00",13704612
2013,1,2013/01/01,ESTADOS UNIDOS,Banano,TRADICIONAL,803001900,"$815,103.00",1384094
2013,1,2013/01/01,ESTADOS UNIDOS,Banano,TRADICIONAL,803901100,"$2,372,984,071.00",5148667683
2013,1,2013/01/01,ESTADOS UNIDOS,Banano,TRADICIONAL,803901200,"$69,262,271.00",128037720
2013,1,2013/01/01,ESTADOS UNIDOS,Banano,TRADICIONAL,803901900,"$4,389,559.00",4913791
2013,2,2013/02/01,ESTADOS UNIDOS,Banano,TRADICIONAL,803901100,"$3,105,907,925.00",6474476429
2013,2,2013/02/01,ESTADOS UNIDOS,Banano,TRADICIONAL,803901200,"$32,210,844.00",35688095
2013,2,2013/02/01,ESTADOS UNIDOS,Banano,TRADICIONAL,803901900,"$9,598,754.00",9499115
2013,3,2013/03/01,ESTADOS UNIDOS,Banano,TRADICIONAL,803901100,"$3,059,868,202.00",6570646816
2013,3,2013/03/01,ESTADOS UNIDOS,Banano,TRADICIONAL,803901200,"$108,268,433.00",215876863
2013,3,2013/03/01,ESTADOS UNIDOS,Banano,TRADICIONAL,803901900,"$12,033,376.00",10011636
2013,4,2013/04/01,ESTADOS UNIDOS,Banano,TRADICIONAL,803901100,"$2,953,475,754.00",6306634757
2013,4,2013/04/01,ESTADOS UNIDOS,Banano,TRADICIONAL,803901200,"$33,493,104.00",45656414
2013,4,2013/04/01,ESTADOS UNIDOS,Banano,TRADICIONAL,803901900,"$16,806,231.00",13193357
2013,5,2013/05/01,ESTADOS UNIDOS,Banano,TRADICIONAL,803901100,"$3,277,345,657.00",7078666580
2013,5,2013/05/01,ESTADOS UNIDOS,Banano,TRADICIONAL,803901200,"$42,209,048.00",56491359
2013,5,2013/05/01,ESTADOS UNIDOS,Banano,TRADICIONAL,803901900,"$15,385,953.00",14585188
2013,6,2013/06/01,ESTADOS UNIDOS,Banano,TRADICIONAL,803901100,"$3,344,019,354.00",7366706222
2013,6,2013/06/01,ESTADOS UNIDOS,Banano,TRADICIONAL,803901200,"$36,775,140.00",44715978
2013,6,2013/06/01,ESTADOS UNIDOS,Banano,TRADICIONAL,803901900,"$6,835,984.00",7096898
2013,7,2013/07/01,ESTADOS UNIDOS,Banano,TRADICIONAL,803901100,"$3,046,924,710.00",6755717941
2013,7,2013/07/01,ESTADOS UNIDOS,Banano,TRADICIONAL,803901200,"$33,135,036.00",61947910
2013,7,2013/07/01,ESTADOS UNIDOS,Banano,TRADICIONAL,803901900,"$6,085,378.00",9005168
2013,8,2013/08/01,ESTADOS UNIDOS,Banano,TRADICIONAL,803901100,"$2,869,142,145.00",5813679784
2013,8,2013/08/01,ESTADOS UNIDOS,Banano,TRADICIONAL,803901200,"$42,802,448.00",391961505
2013,8,2013/08/01,ESTADOS UNIDOS,Banano,TRADICIONAL,803901900,"$6,943,500.00",111505546
2013,9,2013/09/01,ESTADOS UNIDOS,Banano,TRADICIONAL,803901100,"$2,319,370,431.00",4858533156
2013,9,2013/09/01,ESTADOS UNIDOS,Banano,TRADICIONAL,803901200,"$36,512,840.00",200528842
2013,9,2013/09/01,ESTADOS UNIDOS,Banano,TRADICIONAL,803901900,"$1,754,736.00",55277166
2013,10,2013/10/01,ESTADOS UNIDOS,Banano,TRADICIONAL,803901100,"$2,702,564,131.00",6061940621
2013,10,2013/10/01,ESTADOS UNIDOS,Banano,TRADICIONAL,803901200,"$42,822,927.00",59827243
2013,10,2013/10/01,ESTADOS UNIDOS,Banano,TRADICIONAL,803901900,"$1,502,312.00",2950956
2013,11,2013/11/01,ESTADOS UNIDOS,Banano,TRADICIONAL,803901100,"$2,488,865,027.00",5524263344
2013,11,2013/11/01,ESTADOS UNIDOS,Banano,TRADICIONAL,803901200,"$26,721,752.00",31821110
2013,11,2013/11/01,ESTADOS UNIDOS,Banano,TRADICIONAL,803901900,"$656,636.00",1001397
2013,12,2013/12/01,ESTADOS UNIDOS,Banano,TRADICIONAL,803901100,"$3,230,853,119.00",7293576063
2013,12,2013/12/01,ESTADOS UNIDOS,Banano,TRADICIONAL,803901200,"$40,877,868.00",63068647
2013,12,2013/12/01,ESTADOS UNIDOS,Banano,TRADICIONAL,803901900,"$1,833,528.00",3662997
2012,1,2012/01/01,ESTADOS UNIDOS,Banano,TRADICIONAL,803001200,"$2,890,951,330.00",6881256258
2012,1,2012/01/01,ESTADOS UNIDOS,Banano,TRADICIONAL,803001300,"$18,454,124.00",30619513
2012,1,2012/01/01,ESTADOS UNIDOS,Banano,TRADICIONAL,803001900,"$60,618,680.00",112680661
2012,2,2012/02/01,ESTADOS UNIDOS,Banano,TRADICIONAL,803001200,"$3,562,705,474.00",8319595955
2012,2,2012/02/01,ESTADOS UNIDOS,Banano,TRADICIONAL,803001300,"$18,839,300.00",32411264
2012,2,2012/02/01,ESTADOS UNIDOS,Banano,TRADICIONAL,803001900,"$46,253,603.00",77792704
2012,3,2012/03/01,ESTADOS UNIDOS,Banano,TRADICIONAL,803001200,"$3,504,367,760.00",8106412919
2012,3,2012/03/01,ESTADOS UNIDOS,Banano,TRADICIONAL,803001300,"$25,525,790.00",44055552
2012,3,2012/03/01,ESTADOS UNIDOS,Banano,TRADICIONAL,803001900,"$43,150,528.00",60157248
2012,4,2012/04/01,ESTADOS UNIDOS,Banano,TRADICIONAL,803001200,"$2,559,548,674.00",5689983991
2012,4,2012/04/01,ESTADOS UNIDOS,Banano,TRADICIONAL,803001300,"$17,241,154.00",27727999
2012,4,2012/04/01,ESTADOS UNIDOS,Banano,TRADICIONAL,803001900,"$45,073,604.00",70161205
2012,5,2012/05/01,ESTADOS UNIDOS,Banano,TRADICIONAL,803001200,"$2,647,499,854.00",5838071330
2012,5,2012/05/01,ESTADOS UNIDOS,Banano,TRADICIONAL,803001300,"$25,428,900.00",40739474
2012,5,2012/05/01,ESTADOS UNIDOS,Banano,TRADICIONAL,803001900,"$158,029,384.00",331669914
2012,6,2012/06/01,ESTADOS UNIDOS,Banano,TRADICIONAL,803001200,"$3,042,167,151.00",6491596848
2012,6,2012/06/01,ESTADOS UNIDOS,Banano,TRADICIONAL,803001300,"$20,472,978.00",32926583
2012,6,2012/06/01,ESTADOS UNIDOS,Banano,TRADICIONAL,803001900,"$32,338,926.00",43415595
2012,7,2012/07/01,ESTADOS UNIDOS,Banano,TRADICIONAL,803001200,"$3,036,672,382.00",6188790835
2012,7,2012/07/01,ESTADOS UNIDOS,Banano,TRADICIONAL,803001300,"$24,360,478.00",43124580
2012,7,2012/07/01,ESTADOS UNIDOS,Banano,TRADICIONAL,803001900,"$21,057,661.00",27041826
2012,8,2012/08/01,ESTADOS UNIDOS,Banano,TRADICIONAL,803001200,"$2,315,548,655.00",5284402779
2012,8,2012/08/01,ESTADOS UNIDOS,Banano,TRADICIONAL,803001300,"$21,973,523.00",34397640
2012,8,2012/08/01,ESTADOS UNIDOS,Banano,TRADICIONAL,803001900,"$82,636,102.00",176363964
2012,9,2012/09/01,ESTADOS UNIDOS,Banano,TRADICIONAL,803001200,"$1,522,085,199.00",3653616593
2012,9,2012/09/01,ESTADOS UNIDOS,Banano,TRADICIONAL,803001300,"$12,809,543.00",16803650
2012,9,2012/09/01,ESTADOS UNIDOS,Banano,TRADICIONAL,803001900,"$21,813,762.00",25784519
2012,10,2012/10/01,ESTADOS UNIDOS,Banano,TRADICIONAL,803001200,"$1,652,695,722.00",3967102174
2012,10,2012/10/01,ESTADOS UNIDOS,Banano,TRADICIONAL,803001300,"$15,112,094.00",19174134
2012,10,2012/10/01,ESTADOS UNIDOS,Banano,TRADICIONAL,803001900,"$37,830,306.00",65331724
2012,10,2012/10/01,ESTADOS UNIDOS,Banano,TRADICIONAL,803901100,"$88,548,960.00",175968000
2012,10,2012/10/01,ESTADOS UNIDOS,Banano,TRADICIONAL,803901200,"$660,800.00",544800
2012,11,2012/11/01,ESTADOS UNIDOS,Banano,TRADICIONAL,803001200,"$2,503,361,873.00",5943949975
2012,11,2012/11/01,ESTADOS UNIDOS,Banano,TRADICIONAL,803001300,"$36,641,125.00",46766316
2012,11,2012/11/01,ESTADOS UNIDOS,Banano,TRADICIONAL,803001900,"$7,712,895.00",9488324
2012,11,2012/11/01,ESTADOS UNIDOS,Banano,TRADICIONAL,803901100,"$10,161,480.00",23294800
2012,12,2012/12/01,ESTADOS UNIDOS,Banano,TRADICIONAL,803001200,"$2,878,236,217.00",6603651387
2012,12,2012/12/01,ESTADOS UNIDOS,Banano,TRADICIONAL,803001300,"$29,059,397.00",36994239
2012,12,2012/12/01,ESTADOS UNIDOS,Banano,TRADICIONAL,803001900,"$938,162.00",1408366
2012,12,2012/12/01,ESTADOS UNIDOS,Banano,TRADICIONAL,803901100,"$4,293,000.00",9720000
2011,1,2011/01/01,ESTADOS UNIDOS,Banano,TRADICIONAL,803001200,"$4,202,367,259.00",10052649993
2011,1,2011/01/01,ESTADOS UNIDOS,Banano,TRADICIONAL,803001300,"$7,859,428.00",11562297
2011,1,2011/01/01,ESTADOS UNIDOS,Banano,TRADICIONAL,803001900,"$56,642,629.00",97186123
2011,2,2011/02/01,ESTADOS UNIDOS,Banano,TRADICIONAL,803001200,"$3,566,128,010.00",8241890489
2011,2,2011/02/01,ESTADOS UNIDOS,Banano,TRADICIONAL,803001300,"$6,888,375.00",9794214
2011,2,2011/02/01,ESTADOS UNIDOS,Banano,TRADICIONAL,803001900,"$32,382,045.00",58983295
2011,3,2011/03/01,ESTADOS UNIDOS,Banano,TRADICIONAL,803001200,"$3,499,275,622.00",8437902377
2011,3,2011/03/01,ESTADOS UNIDOS,Banano,TRADICIONAL,803001300,"$9,149,450.00",13098160
2011,3,2011/03/01,ESTADOS UNIDOS,Banano,TRADICIONAL,803001900,"$43,703,543.00",79147411
2011,4,2011/04/01,ESTADOS UNIDOS,Banano,TRADICIONAL,803001200,"$3,799,921,095.00",9279508312
2011,4,2011/04/01,ESTADOS UNIDOS,Banano,TRADICIONAL,803001300,"$14,125,250.00",19308400
2011,4,2011/04/01,ESTADOS UNIDOS,Banano,TRADICIONAL,803001900,"$37,274,695.00",54323968
2011,5,2011/05/01,ESTADOS UNIDOS,Banano,TRADICIONAL,803001200,"$2,866,754,925.00",6657017470
2011,5,2011/05/01,ESTADOS UNIDOS,Banano,TRADICIONAL,803001300,"$10,825,100.00",15040480
2011,5,2011/05/01,ESTADOS UNIDOS,Banano,TRADICIONAL,803001900,"$58,914,436.00",109167804
2011,6,2011/06/01,ESTADOS UNIDOS,Banano,TRADICIONAL,803001200,"$2,969,821,348.00",6794020138
2011,6,2011/06/01,ESTADOS UNIDOS,Banano,TRADICIONAL,803001300,"$11,872,150.00",16995920
2011,6,2011/06/01,ESTADOS UNIDOS,Banano,TRADICIONAL,803001900,"$61,678,142.00",98784702
2011,7,2011/07/01,ESTADOS UNIDOS,Banano,TRADICIONAL,803001200,"$3,011,359,073.00",6937077261
2011,7,2011/07/01,ESTADOS UNIDOS,Banano,TRADICIONAL,803001300,"$10,397,275.00",14884520
2011,7,2011/07/01,ESTADOS UNIDOS,Banano,TRADICIONAL,803001900,"$61,865,515.00",93521634
2011,8,2011/08/01,ESTADOS UNIDOS,Banano,TRADICIONAL,803001200,"$2,721,624,358.00",6291631707
2011,8,2011/08/01,ESTADOS UNIDOS,Banano,TRADICIONAL,803001300,"$10,292,775.00",14734920
2011,8,2011/08/01,ESTADOS UNIDOS,Banano,TRADICIONAL,803001900,"$75,713,317.00",101264654
2011,9,2011/09/01,ESTADOS UNIDOS,Banano,TRADICIONAL,803001200,"$2,982,947,359.00",6722947532
2011,9,2011/09/01,ESTADOS UNIDOS,Banano,TRADICIONAL,803001300,"$14,470,150.00",23183886
2011,9,2011/09/01,ESTADOS UNIDOS,Banano,TRADICIONAL,803001900,"$76,237,471.00",111713794
2011,10,2011/10/01,ESTADOS UNIDOS,Banano,TRADICIONAL,803001200,"$2,437,036,500.00",5439459832
2011,10,2011/10/01,ESTADOS UNIDOS,Banano,TRADICIONAL,803001300,"$17,376,920.00",34745144
2011,10,2011/10/01,ESTADOS UNIDOS,Banano,TRADICIONAL,803001900,"$59,366,934.00",90441430
2011,11,2011/11/01,ESTADOS UNIDOS,Banano,TRADICIONAL,803001200,"$2,868,792,805.00",6213871661
2011,11,2011/11/01,ESTADOS UNIDOS,Banano,TRADICIONAL,803001300,"$16,897,290.00",29631818
2011,11,2011/11/01,ESTADOS UNIDOS,Banano,TRADICIONAL,803001900,"$59,976,561.00",88370894
2011,12,2011/12/01,ESTADOS UNIDOS,Banano,TRADICIONAL,803001200,"$3,765,504,614.00",8348203975
2011,12,2011/12/01,ESTADOS UNIDOS,Banano,TRADICIONAL,803001300,"$17,903,150.00",28729875
2011,12,2011/12/01,ESTADOS UNIDOS,Banano,TRADICIONAL,803001900,"$71,469,936.00",116866733
2010,1,2010/01/01,ESTADOS UNIDOS,Banano,TRADICIONAL,803001200,"$3,162,723,000.00",8191976900
2010,1,2010/01/01,ESTADOS UNIDOS,Banano,TRADICIONAL,803001300,"$10,384,732.00",14793474
2010,1,2010/01/01,ESTADOS UNIDOS,Banano,TRADICIONAL,803001900,"$48,932,614.00",82387969
2010,2,2010/02/01,ESTADOS UNIDOS,Banano,TRADICIONAL,803001200,"$3,825,926,800.00",9526790600
2010,2,2010/02/01,ESTADOS UNIDOS,Banano,TRADICIONAL,803001300,"$12,620,893.00",18230761
2010,2,2010/02/01,ESTADOS UNIDOS,Banano,TRADICIONAL,803001900,"$40,003,506.00",76510331
2010,3,2010/03/01,ESTADOS UNIDOS,Banano,TRADICIONAL,803001200,"$3,651,928,800.00",8909912200
2010,3,2010/03/01,ESTADOS UNIDOS,Banano,TRADICIONAL,803001300,"$14,803,945.00",21017700
2010,3,2010/03/01,ESTADOS UNIDOS,Banano,TRADICIONAL,803001900,"$62,864,214.00",128551702
2010,4,2010/04/01,ESTADOS UNIDOS,Banano,TRADICIONAL,803001200,"$3,881,627,900.00",10005711500
2010,4,2010/04/01,ESTADOS UNIDOS,Banano,TRADICIONAL,803001300,"$16,176,004.00",23531172
2010,4,2010/04/01,ESTADOS UNIDOS,Banano,TRADICIONAL,803001900,"$58,927,598.00",106005914
2010,5,2010/05/01,ESTADOS UNIDOS,Banano,TRADICIONAL,803001200,"$3,633,580,400.00",9067561700
2010,5,2010/05/01,ESTADOS UNIDOS,Banano,TRADICIONAL,803001300,"$16,744,215.00",23583767
2010,5,2010/05/01,ESTADOS UNIDOS,Banano,TRADICIONAL,803001900,"$42,332,612.00",82997886
2010,6,2010/06/01,ESTADOS UNIDOS,Banano,TRADICIONAL,803001200,"$3,512,341,800.00",8343751900
2010,6,2010/06/01,ESTADOS UNIDOS,Banano,TRADICIONAL,803001300,"$16,785,192.00",23594574
2010,6,2010/06/01,ESTADOS UNIDOS,Banano,TRADICIONAL,803001900,"$56,693,983.00",104040370
2010,7,2010/07/01,ESTADOS UNIDOS,Banano,TRADICIONAL,803001200,"$3,994,266,500.00",9612783900
2010,7,2010/07/01,ESTADOS UNIDOS,Banano,TRADICIONAL,803001300,"$16,754,039.00",24356940
2010,7,2010/07/01,ESTADOS UNIDOS,Banano,TRADICIONAL,803001900,"$51,616,454.00",85718363
2010,8,2010/08/01,ESTADOS UNIDOS,Banano,TRADICIONAL,803001200,"$2,934,563,700.00",7170849700
2010,8,2010/08/01,ESTADOS UNIDOS,Banano,TRADICIONAL,803001300,"$12,329,926.00",18198595
2010,8,2010/08/01,ESTADOS UNIDOS,Banano,TRADICIONAL,803001900,"$45,505,317.00",69147351
2010,9,2010/09/01,ESTADOS UNIDOS,Banano,TRADICIONAL,803001200,"$2,888,493,100.00",7081628400
2010,9,2010/09/01,ESTADOS UNIDOS,Banano,TRADICIONAL,803001300,"$13,552,624.00",19572705
2010,9,2010/09/01,ESTADOS UNIDOS,Banano,TRADICIONAL,803001900,"$45,843,547.00",70090834
2010,10,2010/10/01,ESTADOS UNIDOS,Banano,TRADICIONAL,803001200,"$3,354,261,000.00",6944414300
2010,10,2010/10/01,ESTADOS UNIDOS,Banano,TRADICIONAL,803001300,"$18,994,475.00",27465923
2010,10,2010/10/01,ESTADOS UNIDOS,Banano,TRADICIONAL,803001900,"$28,441,806.00",39520883
2010,11,2010/11/01,ESTADOS UNIDOS,Banano,TRADICIONAL,803001200,"$2,594,090,200.00",6283479900
2010,11,2010/11/01,ESTADOS UNIDOS,Banano,TRADICIONAL,803001300,"$11,951,011.00",17743126
2010,11,2010/11/01,ESTADOS UNIDOS,Banano,TRADICIONAL,803001900,"$25,866,621.00",35514296
2010,12,2010/12/01,ESTADOS UNIDOS,Banano,TRADICIONAL,803001200,"$3,994,263,100.00",8869706500
2010,12,2010/12/01,ESTADOS UNIDOS,Banano,TRADICIONAL,803001300,"$11,408,893.00",17597556
2010,12,2010/12/01,ESTADOS UNIDOS,Banano,TRADICIONAL,803001900,"$241,938,783.00",456066796
2009,1,2009/01/01,ESTADOS UNIDOS,Banano,TRADICIONAL,803001200,"$3,575,214,800.00",11628357400
2009,1,2009/01/01,ESTADOS UNIDOS,Banano,TRADICIONAL,803001300,"$5,177,300.00",8399400
2009,1,2009/01/01,ESTADOS UNIDOS,Banano,TRADICIONAL,803001900,"$76,149,100.00",166820500
2009,2,2009/02/01,ESTADOS UNIDOS,Banano,TRADICIONAL,803001200,"$3,390,291,000.00",10246438400
2009,2,2009/02/01,ESTADOS UNIDOS,Banano,TRADICIONAL,803001300,"$6,871,600.00",10428500
2009,2,2009/02/01,ESTADOS UNIDOS,Banano,TRADICIONAL,803001900,"$51,954,600.00",120362700
2009,3,2009/03/01,ESTADOS UNIDOS,Banano,TRADICIONAL,803001200,"$3,804,851,300.00",10687678300
2009,3,2009/03/01,ESTADOS UNIDOS,Banano,TRADICIONAL,803001300,"$10,304,100.00",14971700
2009,3,2009/03/01,ESTADOS UNIDOS,Banano,TRADICIONAL,803001900,"$59,119,200.00",122880100
2009,4,2009/04/01,ESTADOS UNIDOS,Banano,TRADICIONAL,803001200,"$3,601,994,900.00",10255633300
2009,4,2009/04/01,ESTADOS UNIDOS,Banano,TRADICIONAL,803001300,"$8,132,800.00",12201200
2009,4,2009/04/01,ESTADOS UNIDOS,Banano,TRADICIONAL,803001900,"$53,820,300.00",128069000
2009,5,2009/05/01,ESTADOS UNIDOS,Banano,TRADICIONAL,803001200,"$3,998,620,100.00",11495404500
2009,5,2009/05/01,ESTADOS UNIDOS,Banano,TRADICIONAL,803001300,"$12,601,200.00",18308700
2009,5,2009/05/01,ESTADOS UNIDOS,Banano,TRADICIONAL,803001900,"$57,101,100.00",116171400
2009,6,2009/06/01,ESTADOS UNIDOS,Banano,TRADICIONAL,803001200,"$3,040,924,900.00",8601606800
2009,6,2009/06/01,ESTADOS UNIDOS,Banano,TRADICIONAL,803001300,"$18,020,200.00",24901900
2009,6,2009/06/01,ESTADOS UNIDOS,Banano,TRADICIONAL,803001900,"$53,026,400.00",103065300
2009,7,2009/07/01,ESTADOS UNIDOS,Banano,TRADICIONAL,803001200,"$4,194,076,300.00",10726682100
2009,7,2009/07/01,ESTADOS UNIDOS,Banano,TRADICIONAL,803001300,"$14,265,800.00",19951600
2009,7,2009/07/01,ESTADOS UNIDOS,Banano,TRADICIONAL,803001900,"$53,283,800.00",111056500
2009,8,2009/08/01,ESTADOS UNIDOS,Banano,TRADICIONAL,803001200,"$3,324,139,300.00",8621159600
2009,8,2009/08/01,ESTADOS UNIDOS,Banano,TRADICIONAL,803001300,"$11,435,800.00",15893100
2009,8,2009/08/01,ESTADOS UNIDOS,Banano,TRADICIONAL,803001900,"$71,845,100.00",128890700
2009,9,2009/09/01,ESTADOS UNIDOS,Banano,TRADICIONAL,803001200,"$2,377,649,600.00",5712761800
2009,9,2009/09/01,ESTADOS UNIDOS,Banano,TRADICIONAL,803001300,"$12,671,500.00",17699500
2009,9,2009/09/01,ESTADOS UNIDOS,Banano,TRADICIONAL,803001900,"$47,759,100.00",85469600
2009,10,2009/10/01,ESTADOS UNIDOS,Banano,TRADICIONAL,803001200,"$3,097,641,600.00",8185204000
2009,10,2009/10/01,ESTADOS UNIDOS,Banano,TRADICIONAL,803001300,"$16,226,900.00",22425800
2009,10,2009/10/01,ESTADOS UNIDOS,Banano,TRADICIONAL,803001900,"$75,401,500.00",138899900
2009,11,2009/11/01,ESTADOS UNIDOS,Banano,TRADICIONAL,803001200,"$2,515,495,900.00",6726635200
2009,11,2009/11/01,ESTADOS UNIDOS,Banano,TRADICIONAL,803001300,"$15,442,300.00",21090800
2009,11,2009/11/01,ESTADOS UNIDOS,Banano,TRADICIONAL,803001900,"$42,865,200.00",77603300
2009,12,2009/12/01,ESTADOS UNIDOS,Banano,TRADICIONAL,803001200,"$4,433,278,800.00",11562526700
2009,12,2009/12/01,ESTADOS UNIDOS,Banano,TRADICIONAL,803001300,"$13,045,300.00",18870800
2009,12,2009/12/01,ESTADOS UNIDOS,Banano,TRADICIONAL,803001900,"$68,765,500.00",109496200
2008,1,2008/01/01,ESTADOS UNIDOS,Banano,TRADICIONAL,803001200,"$2,530,493,400.00",8626166500
2008,1,2008/01/01,ESTADOS UNIDOS,Banano,TRADICIONAL,803001300,"$16,855,700.00",33045200
2008,1,2008/01/01,ESTADOS UNIDOS,Banano,TRADICIONAL,803001900,"$34,498,200.00",87513300
2008,2,2008/02/01,ESTADOS UNIDOS,Banano,TRADICIONAL,803001200,"$2,745,679,900.00",9550464900
2008,2,2008/02/01,ESTADOS UNIDOS,Banano,TRADICIONAL,803001300,"$24,450,300.00",48497100
2008,2,2008/02/01,ESTADOS UNIDOS,Banano,TRADICIONAL,803001900,"$26,691,200.00",61026900
2008,3,2008/03/01,ESTADOS UNIDOS,Banano,TRADICIONAL,803001200,"$2,893,000,300.00",9414104300
2008,3,2008/03/01,ESTADOS UNIDOS,Banano,TRADICIONAL,803001300,"$11,410,000.00",21655400
2008,3,2008/03/01,ESTADOS UNIDOS,Banano,TRADICIONAL,803001900,"$30,778,300.00",68008400
2008,4,2008/04/01,ESTADOS UNIDOS,Banano,TRADICIONAL,803001200,"$1,949,373,600.00",7247189000
2008,4,2008/04/01,ESTADOS UNIDOS,Banano,TRADICIONAL,803001300,"$24,393,200.00",30425500
2008,4,2008/04/01,ESTADOS UNIDOS,Banano,TRADICIONAL,803001900,"$47,527,900.00",104010800
2008,5,2008/05/01,ESTADOS UNIDOS,Banano,TRADICIONAL,803001200,"$2,736,620,300.00",8095288700
2008,5,2008/05/01,ESTADOS UNIDOS,Banano,TRADICIONAL,803001300,"$32,595,800.00",45960700
2008,5,2008/05/01,ESTADOS UNIDOS,Banano,TRADICIONAL,803001900,"$47,154,600.00",99295000
2008,6,2008/06/01,ESTADOS UNIDOS,Banano,TRADICIONAL,803001200,"$2,678,627,200.00",7031148300
2008,6,2008/06/01,ESTADOS UNIDOS,Banano,TRADICIONAL,803001300,"$12,309,000.00",18929500
2008,6,2008/06/01,ESTADOS UNIDOS,Banano,TRADICIONAL,803001900,"$32,867,000.00",69907800
2008,7,2008/07/01,ESTADOS UNIDOS,Banano,TRADICIONAL,803001200,"$2,096,999,100.00",6011038600
2008,7,2008/07/01,ESTADOS UNIDOS,Banano,TRADICIONAL,803001300,"$31,106,800.00",43493100
2008,7,2008/07/01,ESTADOS UNIDOS,Banano,TRADICIONAL,803001900,"$70,734,800.00",153010900
2008,8,2008/08/01,ESTADOS UNIDOS,Banano,TRADICIONAL,803001200,"$2,228,371,100.00",6653332700
2008,8,2008/08/01,ESTADOS UNIDOS,Banano,TRADICIONAL,803001300,"$31,831,700.00",45581300
2008,8,2008/08/01,ESTADOS UNIDOS,Banano,TRADICIONAL,803001900,"$64,816,800.00",155742900
2008,9,2008/09/01,ESTADOS UNIDOS,Banano,TRADICIONAL,803001200,"$1,491,522,900.00",4373624200
2008,9,2008/09/01,ESTADOS UNIDOS,Banano,TRADICIONAL,803001300,"$26,550,700.00",39119700
2008,9,2008/09/01,ESTADOS UNIDOS,Banano,TRADICIONAL,803001900,"$56,409,800.00",132645700
2008,10,2008/10/01,ESTADOS UNIDOS,Banano,TRADICIONAL,803001200,"$1,827,314,100.00",5801909700
2008,10,2008/10/01,ESTADOS UNIDOS,Banano,TRADICIONAL,803001300,"$39,194,400.00",57118400
2008,10,2008/10/01,ESTADOS UNIDOS,Banano,TRADICIONAL,803001900,"$70,353,000.00",157504200
2008,11,2008/11/01,ESTADOS UNIDOS,Banano,TRADICIONAL,803001200,"$2,083,032,800.00",6530933600
2008,11,2008/11/01,ESTADOS UNIDOS,Banano,TRADICIONAL,803001300,"$26,382,600.00",37482100
2008,11,2008/11/01,ESTADOS UNIDOS,Banano,TRADICIONAL,803001900,"$57,606,800.00",122290000
2008,12,2008/12/01,ESTADOS UNIDOS,Banano,TRADICIONAL,803001200,"$2,679,923,200.00",8709804800
2008,12,2008/12/01,ESTADOS UNIDOS,Banano,TRADICIONAL,803001300,"$14,944,100.00",21223600
2008,12,2008/12/01,ESTADOS UNIDOS,Banano,TRADICIONAL,803001900,"$46,400,200.00",90102900
2007,1,2007/01/01,ESTADOS UNIDOS,Banano,TRADICIONAL,803001200,"$2,108,075,900.00",8762631900
2007,1,2007/01/01,ESTADOS UNIDOS,Banano,TRADICIONAL,803001900,"$41,745,500.00",88312700
2007,2,2007/02/01,ESTADOS UNIDOS,Banano,TRADICIONAL,803001200,"$2,081,214,800.00",8639933700
2007,2,2007/02/01,ESTADOS UNIDOS,Banano,TRADICIONAL,803001900,"$35,155,100.00",74205700
2007,3,2007/03/01,ESTADOS UNIDOS,Banano,TRADICIONAL,803001200,"$2,200,462,700.00",9167204400
2007,3,2007/03/01,ESTADOS UNIDOS,Banano,TRADICIONAL,803001900,"$49,309,400.00",104153800
2007,4,2007/04/01,ESTADOS UNIDOS,Banano,TRADICIONAL,803001200,"$1,640,995,600.00",6841352500
2007,4,2007/04/01,ESTADOS UNIDOS,Banano,TRADICIONAL,803001900,"$45,601,300.00",95908100
2007,5,2007/05/01,ESTADOS UNIDOS,Banano,TRADICIONAL,803001200,"$2,182,524,300.00",9086298900
2007,5,2007/05/01,ESTADOS UNIDOS,Banano,TRADICIONAL,803001900,"$49,938,500.00",102518600
2007,6,2007/06/01,ESTADOS UNIDOS,Banano,TRADICIONAL,803001200,"$2,116,103,400.00",8532455600
2007,6,2007/06/01,ESTADOS UNIDOS,Banano,TRADICIONAL,803001900,"$56,200,700.00",112326400
2007,7,2007/07/01,ESTADOS UNIDOS,Banano,TRADICIONAL,803001200,"$2,156,341,200.00",8265281500
2007,7,2007/07/01,ESTADOS UNIDOS,Banano,TRADICIONAL,803001900,"$44,682,700.00",87490200
2007,8,2007/08/01,ESTADOS UNIDOS,Banano,TRADICIONAL,803001200,"$2,004,211,200.00",7431386600
2007,8,2007/08/01,ESTADOS UNIDOS,Banano,TRADICIONAL,803001900,"$46,004,500.00",90271400
2007,9,2007/09/01,ESTADOS UNIDOS,Banano,TRADICIONAL,803001200,"$1,703,432,100.00",6243054100
2007,9,2007/09/01,ESTADOS UNIDOS,Banano,TRADICIONAL,803001300,"$468,000.00",754000
2007,9,2007/09/01,ESTADOS UNIDOS,Banano,TRADICIONAL,803001900,"$43,967,000.00",96534800
2007,10,2007/10/01,ESTADOS UNIDOS,Banano,TRADICIONAL,803001200,"$1,904,867,100.00",6573887700
2007,10,2007/10/01,ESTADOS UNIDOS,Banano,TRADICIONAL,803001300,"$1,008,000.00",1653000
2007,10,2007/10/01,ESTADOS UNIDOS,Banano,TRADICIONAL,803001900,"$172,953,100.00",124181500
2007,11,2007/11/01,ESTADOS UNIDOS,Banano,TRADICIONAL,803001200,"$2,082,561,600.00",7023701400
2007,11,2007/11/01,ESTADOS UNIDOS,Banano,TRADICIONAL,803001300,"$1,472,400.00",2444700
2007,11,2007/11/01,ESTADOS UNIDOS,Banano,TRADICIONAL,803001900,"$54,056,700.00",110025600
2007,12,2007/12/01,ESTADOS UNIDOS,Banano,TRADICIONAL,803001200,"$2,163,543,200.00",7170791400
2007,12,2007/12/01,ESTADOS UNIDOS,Banano,TRADICIONAL,803001300,"$1,512,400.00",2494900
2007,12,2007/12/01,ESTADOS UNIDOS,Banano,TRADICIONAL,803001900,"$37,751,100.00",74978600
2006,1,2006/01/01,ESTADOS UNIDOS,Banano,TRADICIONAL,803001200,"$2,324,520,400.00",7975178300
2006,1,2006/01/01,ESTADOS UNIDOS,Banano,TRADICIONAL,803001900,"$573,000,000.00",77350100
2006,2,2006/02/01,ESTADOS UNIDOS,Banano,TRADICIONAL,803001200,"$2,674,290,800.00",9297737400
2006,2,2006/02/01,ESTADOS UNIDOS,Banano,TRADICIONAL,803001900,"$915,145,400.00",81988400
2006,3,2006/03/01,ESTADOS UNIDOS,Banano,TRADICIONAL,803001200,"$2,818,190,900.00",10054479300
2006,3,2006/03/01,ESTADOS UNIDOS,Banano,TRADICIONAL,803001900,"$46,841,700.00",97208900
2006,4,2006/04/01,ESTADOS UNIDOS,Banano,TRADICIONAL,803001200,"$2,574,607,900.00",9177117900
2006,4,2006/04/01,ESTADOS UNIDOS,Banano,TRADICIONAL,803001900,"$47,632,400.00",100903100
2006,5,2006/05/01,ESTADOS UNIDOS,Banano,TRADICIONAL,803001200,"$2,292,788,100.00",9435972100
2006,5,2006/05/01,ESTADOS UNIDOS,Banano,TRADICIONAL,803001900,"$47,959,800.00",103553400
2006,6,2006/06/01,ESTADOS UNIDOS,Banano,TRADICIONAL,803001200,"$2,533,743,700.00",10663115300
2006,6,2006/06/01,ESTADOS UNIDOS,Banano,TRADICIONAL,803001900,"$62,966,000.00",132083700
2006,7,2006/07/01,ESTADOS UNIDOS,Banano,TRADICIONAL,803001200,"$1,793,340,100.00",7600440300
2006,7,2006/07/01,ESTADOS UNIDOS,Banano,TRADICIONAL,803001900,"$54,425,100.00",112659900
2006,8,2006/08/01,ESTADOS UNIDOS,Banano,TRADICIONAL,803001200,"$1,938,462,200.00",8099209700
2006,8,2006/08/01,ESTADOS UNIDOS,Banano,TRADICIONAL,803001900,"$54,516,300.00",110071200
2006,9,2006/09/01,ESTADOS UNIDOS,Banano,TRADICIONAL,803001200,"$2,242,805,500.00",9431926300
2006,9,2006/09/01,ESTADOS UNIDOS,Banano,TRADICIONAL,803001900,"$68,647,200.00",132782400
2006,10,2006/10/01,ESTADOS UNIDOS,Banano,TRADICIONAL,803001200,"$1,805,692,800.00",7256295800
2006,10,2006/10/01,ESTADOS UNIDOS,Banano,TRADICIONAL,803001900,"$59,071,300.00",115816500
2006,11,2006/11/01,ESTADOS UNIDOS,Banano,TRADICIONAL,803001200,"$1,847,561,500.00",7483906200
2006,11,2006/11/01,ESTADOS UNIDOS,Banano,TRADICIONAL,803001900,"$54,525,500.00",111182700
2006,12,2006/12/01,ESTADOS UNIDOS,Banano,TRADICIONAL,803001200,"$2,556,579,600.00",9675310800
2006,12,2006/12/01,ESTADOS UNIDOS,Banano,TRADICIONAL,803001900,"$39,957,600.00",84182100
2005,1,2005/01/01,ESTADOS UNIDOS,Banano,TRADICIONAL,803001200,"$1,734,820,700.00",7869570200
2005,1,2005/01/01,ESTADOS UNIDOS,Banano,TRADICIONAL,803001900,"$33,343,400.00",72381800
2005,2,2005/02/01,ESTADOS UNIDOS,Banano,TRADICIONAL,803001200,"$1,968,734,400.00",9004338600
2005,2,2005/02/01,ESTADOS UNIDOS,Banano,TRADICIONAL,803001900,"$41,905,800.00",188752200
2005,3,2005/03/01,ESTADOS UNIDOS,Banano,TRADICIONAL,803001200,"$1,659,891,900.00",7428404600
2005,3,2005/03/01,ESTADOS UNIDOS,Banano,TRADICIONAL,803001900,"$77,455,600.00",368086800
2005,4,2005/04/01,ESTADOS UNIDOS,Banano,TRADICIONAL,803001200,"$1,774,801,600.00",8025415500
2005,4,2005/04/01,ESTADOS UNIDOS,Banano,TRADICIONAL,803001900,"$65,627,000.00",345680100
2005,5,2005/05/01,ESTADOS UNIDOS,Banano,TRADICIONAL,803001200,"$1,832,878,600.00",8062926600
2005,5,2005/05/01,ESTADOS UNIDOS,Banano,TRADICIONAL,803001900,"$52,933,400.00",138786300
2005,6,2005/06/01,ESTADOS UNIDOS,Banano,TRADICIONAL,803001200,"$1,891,131,100.00",8042663300
2005,6,2005/06/01,ESTADOS UNIDOS,Banano,TRADICIONAL,803001900,"$56,463,800.00",120606900
2005,7,2005/07/01,ESTADOS UNIDOS,Banano,TRADICIONAL,803001200,"$1,940,265,400.00",8570133000
2005,7,2005/07/01,ESTADOS UNIDOS,Banano,TRADICIONAL,803001900,"$52,888,700.00",109764800
2005,8,2005/08/01,ESTADOS UNIDOS,Banano,TRADICIONAL,803001200,"$1,671,309,300.00",7359136900
2005,8,2005/08/01,ESTADOS UNIDOS,Banano,TRADICIONAL,803001900,"$49,560,400.00",101958600
2005,9,2005/09/01,ESTADOS UNIDOS,Banano,TRADICIONAL,803001200,"$2,082,057,900.00",8446676000
2005,9,2005/09/01,ESTADOS UNIDOS,Banano,TRADICIONAL,803001900,"$52,766,700.00",109578700
2005,10,2005/10/01,ESTADOS UNIDOS,Banano,TRADICIONAL,803001200,"$1,560,048,700.00",6494174100
2005,10,2005/10/01,ESTADOS UNIDOS,Banano,TRADICIONAL,803001900,"$46,495,500.00",97609000
2005,11,2005/11/01,ESTADOS UNIDOS,Banano,TRADICIONAL,803001200,"$1,807,071,500.00",7515233300
2005,11,2005/11/01,ESTADOS UNIDOS,Banano,TRADICIONAL,803001900,"$45,941,800.00",95770200
2005,12,2005/12/01,ESTADOS UNIDOS,Banano,TRADICIONAL,803001200,"$2,396,454,900.00",8805548400
2005,12,2005/12/01,ESTADOS UNIDOS,Banano,TRADICIONAL,803001900,"$51,676,700.00",107822800
2004,1,2004/01/01,ESTADOS UNIDOS,Banano,TRADICIONAL,803001200,"$2,126,470,200.00",9893244700
2004,1,2004/01/01,ESTADOS UNIDOS,Banano,TRADICIONAL,803001900,"$32,300,500.00",71306400
2004,2,2004/02/01,ESTADOS UNIDOS,Banano,TRADICIONAL,803001200,"$1,742,510,600.00",8003284000
2004,2,2004/02/01,ESTADOS UNIDOS,Banano,TRADICIONAL,803001900,"$32,271,700.00",70239700
2004,3,2004/03/01,ESTADOS UNIDOS,Banano,TRADICIONAL,803001200,"$1,385,411,900.00",6181151300
2004,3,2004/03/01,ESTADOS UNIDOS,Banano,TRADICIONAL,803001900,"$44,518,000.00",97441800
2004,4,2004/04/01,ESTADOS UNIDOS,Banano,TRADICIONAL,803001200,"$2,002,410,400.00",8970087000
2004,4,2004/04/01,ESTADOS UNIDOS,Banano,TRADICIONAL,803001900,"$57,972,300.00",128776200
2004,5,2004/05/01,ESTADOS UNIDOS,Banano,TRADICIONAL,803001200,"$1,553,668,800.00",6894935800
2004,5,2004/05/01,ESTADOS UNIDOS,Banano,TRADICIONAL,803001900,"$56,861,100.00",120236800
2004,6,2004/06/01,ESTADOS UNIDOS,Banano,TRADICIONAL,803001200,"$1,947,940,900.00",8841706300
2004,6,2004/06/01,ESTADOS UNIDOS,Banano,TRADICIONAL,803001900,"$59,495,200.00",179351900
2004,7,2004/07/01,ESTADOS UNIDOS,Banano,TRADICIONAL,803001200,"$2,165,218,600.00",9843938200
2004,7,2004/07/01,ESTADOS UNIDOS,Banano,TRADICIONAL,803001900,"$51,304,600.00",110961600
2004,8,2004/08/01,ESTADOS UNIDOS,Banano,TRADICIONAL,803001200,"$1,524,101,900.00",6876824200
2004,8,2004/08/01,ESTADOS UNIDOS,Banano,TRADICIONAL,803001900,"$50,579,500.00",130010400
2004,9,2004/09/01,ESTADOS UNIDOS,Banano,TRADICIONAL,803001200,"$1,531,939,100.00",6880673400
2004,9,2004/09/01,ESTADOS UNIDOS,Banano,TRADICIONAL,803001900,"$42,711,300.00",92585400
2004,10,2004/10/01,ESTADOS UNIDOS,Banano,TRADICIONAL,803001200,"$1,394,609,600.00",6209099300
2004,10,2004/10/01,ESTADOS UNIDOS,Banano,TRADICIONAL,803001900,"$55,649,100.00",120961700
2004,11,2004/11/01,ESTADOS UNIDOS,Banano,TRADICIONAL,803001200,"$1,520,660,300.00",6857590900
2004,11,2004/11/01,ESTADOS UNIDOS,Banano,TRADICIONAL,803001900,"$38,843,300.00",89302700
2004,12,2004/12/01,ESTADOS UNIDOS,Banano,TRADICIONAL,803001200,"$1,555,279,100.00",7004686900
2004,12,2004/12/01,ESTADOS UNIDOS,Banano,TRADICIONAL,803001900,"$42,008,800.00",91108900
2003,1,2003/01/01,ESTADOS UNIDOS,Banano,TRADICIONAL,803001200,"$1,818,901,300.00",7607630400
2003,1,2003/01/01,ESTADOS UNIDOS,Banano,TRADICIONAL,803001900,"$35,140,300.00",66519000
2003,2,2003/02/01,ESTADOS UNIDOS,Banano,TRADICIONAL,803001200,"$2,174,695,700.00",9080105600
2003,2,2003/02/01,ESTADOS UNIDOS,Banano,TRADICIONAL,803001900,"$35,876,200.00",79372400
2003,3,2003/03/01,ESTADOS UNIDOS,Banano,TRADICIONAL,803001200,"$2,166,757,700.00",9127320600
2003,3,2003/03/01,ESTADOS UNIDOS,Banano,TRADICIONAL,803001900,"$38,623,500.00",85069500
2003,4,2003/04/01,ESTADOS UNIDOS,Banano,TRADICIONAL,803001200,"$2,213,077,000.00",9805915500
2003,4,2003/04/01,ESTADOS UNIDOS,Banano,TRADICIONAL,803001900,"$43,835,200.00",97938200
2003,5,2003/05/01,ESTADOS UNIDOS,Banano,TRADICIONAL,803001200,"$2,154,358,500.00",9023011800
2003,5,2003/05/01,ESTADOS UNIDOS,Banano,TRADICIONAL,803001900,"$51,509,400.00",112841400
2003,6,2003/06/01,ESTADOS UNIDOS,Banano,TRADICIONAL,803001200,"$2,037,495,100.00",8561092600
2003,6,2003/06/01,ESTADOS UNIDOS,Banano,TRADICIONAL,803001900,"$49,466,100.00",109080700
2003,7,2003/07/01,ESTADOS UNIDOS,Banano,TRADICIONAL,803001200,"$1,913,434,800.00",7998443300
2003,7,2003/07/01,ESTADOS UNIDOS,Banano,TRADICIONAL,803001900,"$48,303,000.00",106628600
2003,8,2003/08/01,ESTADOS UNIDOS,Banano,TRADICIONAL,803001200,"$1,792,658,900.00",7549472100
2003,8,2003/08/01,ESTADOS UNIDOS,Banano,TRADICIONAL,803001900,"$43,542,800.00",95254700
2003,9,2003/09/01,ESTADOS UNIDOS,Banano,TRADICIONAL,803001200,"$1,744,781,000.00",7126328000
2003,9,2003/09/01,ESTADOS UNIDOS,Banano,TRADICIONAL,803001900,"$48,035,900.00",104293300
2003,10,2003/10/01,ESTADOS UNIDOS,Banano,TRADICIONAL,803001200,"$1,396,097,600.00",5381567200
2003,10,2003/10/01,ESTADOS UNIDOS,Banano,TRADICIONAL,803001900,"$53,877,500.00",116353200
2003,11,2003/11/01,ESTADOS UNIDOS,Banano,TRADICIONAL,803001200,"$1,478,730,700.00",6082597200
2003,11,2003/11/01,ESTADOS UNIDOS,Banano,TRADICIONAL,803001900,"$42,558,400.00",88617200
2003,12,2003/12/01,ESTADOS UNIDOS,Banano,TRADICIONAL,803001200,"$1,168,387,200.00",5372942200
2003,12,2003/12/01,ESTADOS UNIDOS,Banano,TRADICIONAL,803001900,"$37,158,700.00",79563800
2002,1,2002/01/01,ESTADOS UNIDOS,Banano,TRADICIONAL,803001200,"$1,690,767,900.00",7598160900
2002,1,2002/01/01,ESTADOS UNIDOS,Banano,TRADICIONAL,803001900,"$35,692,300.00",80949500
2002,2,2002/02/01,ESTADOS UNIDOS,Banano,TRADICIONAL,803001200,"$1,918,863,000.00",8953505900
2002,2,2002/02/01,ESTADOS UNIDOS,Banano,TRADICIONAL,803001900,"$25,674,400.00",58309800
2002,3,2002/03/01,ESTADOS UNIDOS,Banano,TRADICIONAL,803001200,"$2,517,058,200.00",11260202700
2002,3,2002/03/01,ESTADOS UNIDOS,Banano,TRADICIONAL,803001900,"$41,320,000.00",93710700
2002,4,2002/04/01,ESTADOS UNIDOS,Banano,TRADICIONAL,803001200,"$1,901,764,600.00",8626524100
2002,4,2002/04/01,ESTADOS UNIDOS,Banano,TRADICIONAL,803001900,"$36,491,200.00",84560200
2002,5,2002/05/01,ESTADOS UNIDOS,Banano,TRADICIONAL,803001200,"$2,508,205,300.00",11242014900
2002,5,2002/05/01,ESTADOS UNIDOS,Banano,TRADICIONAL,803001900,"$49,887,500.00",112571400
2002,6,2002/06/01,ESTADOS UNIDOS,Banano,TRADICIONAL,803001200,"$2,222,574,000.00",10016720100
2002,6,2002/06/01,ESTADOS UNIDOS,Banano,TRADICIONAL,803001900,"$45,019,200.00",102099500
2002,7,2002/07/01,ESTADOS UNIDOS,Banano,TRADICIONAL,803001200,"$2,174,551,500.00",9695530200
2002,7,2002/07/01,ESTADOS UNIDOS,Banano,TRADICIONAL,803001900,"$47,903,000.00",108629600
2002,8,2002/08/01,ESTADOS UNIDOS,Banano,TRADICIONAL,803001200,"$1,790,890,400.00",8002025400
2002,8,2002/08/01,ESTADOS UNIDOS,Banano,TRADICIONAL,803001900,"$41,993,000.00",95237000
2002,9,2002/09/01,ESTADOS UNIDOS,Banano,TRADICIONAL,803001200,"$1,635,527,600.00",7330250800
2002,9,2002/09/01,ESTADOS UNIDOS,Banano,TRADICIONAL,803001900,"$39,886,800.00",90460900
2002,10,2002/10/01,ESTADOS UNIDOS,Banano,TRADICIONAL,803001200,"$1,548,855,200.00",6798312500
2002,10,2002/10/01,ESTADOS UNIDOS,Banano,TRADICIONAL,803001900,"$45,619,900.00",99139100
2002,11,2002/11/01,ESTADOS UNIDOS,Banano,TRADICIONAL,803001200,"$1,612,119,700.00",7008678100
2002,11,2002/11/01,ESTADOS UNIDOS,Banano,TRADICIONAL,803001900,"$39,488,800.00",70961900
2002,12,2002/12/01,ESTADOS UNIDOS,Banano,TRADICIONAL,803001200,"$2,001,814,800.00",8647392600
2002,12,2002/12/01,ESTADOS UNIDOS,Banano,TRADICIONAL,803001900,"$36,865,200.00",68313000
2001,1,2001/01/01,ESTADOS UNIDOS,Banano,TRADICIONAL,803001200,"$2,081,776,000.00",9021849700
2001,1,2001/01/01,ESTADOS UNIDOS,Banano,TRADICIONAL,803001900,"$23,070,700.00",56568100
2001,2,2001/02/01,ESTADOS UNIDOS,Banano,TRADICIONAL,803001200,"$2,082,871,600.00",9031039100
2001,2,2001/02/01,ESTADOS UNIDOS,Banano,TRADICIONAL,803001900,"$18,889,900.00",46374300
2001,3,2001/03/01,ESTADOS UNIDOS,Banano,TRADICIONAL,803001200,"$2,370,242,700.00",10247344800
2001,3,2001/03/01,ESTADOS UNIDOS,Banano,TRADICIONAL,803001900,"$37,076,500.00",90909700
2001,4,2001/04/01,ESTADOS UNIDOS,Banano,TRADICIONAL,803001200,"$1,826,770,300.00",7912066600
2001,4,2001/04/01,ESTADOS UNIDOS,Banano,TRADICIONAL,803001900,"$33,169,200.00",81184500
2001,5,2001/05/01,ESTADOS UNIDOS,Banano,TRADICIONAL,803001200,"$1,898,100,300.00",8218719400
2001,5,2001/05/01,ESTADOS UNIDOS,Banano,TRADICIONAL,803001900,"$27,575,700.00",67613300
2001,6,2001/06/01,ESTADOS UNIDOS,Banano,TRADICIONAL,803001200,"$1,590,351,100.00",6890534500
2001,6,2001/06/01,ESTADOS UNIDOS,Banano,TRADICIONAL,803001900,"$39,972,800.00",98010400
2001,7,2001/07/01,ESTADOS UNIDOS,Banano,TRADICIONAL,803001200,"$2,008,706,800.00",8700385000
2001,7,2001/07/01,ESTADOS UNIDOS,Banano,TRADICIONAL,803001900,"$36,568,300.00",89600400
2001,8,2001/08/01,ESTADOS UNIDOS,Banano,TRADICIONAL,803001200,"$1,744,445,500.00",7555000500
2001,8,2001/08/01,ESTADOS UNIDOS,Banano,TRADICIONAL,803001900,"$34,713,200.00",85260700
2001,9,2001/09/01,ESTADOS UNIDOS,Banano,TRADICIONAL,803001200,"$1,492,117,100.00",6460920100
2001,9,2001/09/01,ESTADOS UNIDOS,Banano,TRADICIONAL,803001900,"$32,025,500.00",78317600
2001,10,2001/10/01,ESTADOS UNIDOS,Banano,TRADICIONAL,803001200,"$1,467,232,600.00",6341559900
2001,10,2001/10/01,ESTADOS UNIDOS,Banano,TRADICIONAL,803001900,"$35,642,600.00",82525000
2001,11,2001/11/01,ESTADOS UNIDOS,Banano,TRADICIONAL,803001200,"$1,739,367,600.00",7552327500
2001,11,2001/11/01,ESTADOS UNIDOS,Banano,TRADICIONAL,803001900,"$38,477,200.00",87804000
2001,12,2001/12/01,ESTADOS UNIDOS,Banano,TRADICIONAL,803001200,"$1,806,464,700.00",7772349900
2001,12,2001/12/01,ESTADOS UNIDOS,Banano,TRADICIONAL,803001900,"$35,988,800.00",81620200
